471_Shared,471_C1,471_C11,469_Shared,469_C1,469_C11,468_Shared,468_C1,468_C11
0.391304,0.1875,0.122905,0.465,0.269912,0.0175,0.487889,0.305699,0.015625
0.225806,0.221739,0.041509,0.196,0.321839,0.028846,0.248889,0.333333,0.023256
0.276382,0.284314,0.044776,0.340426,0.401961,0.017621,0.414894,0.376238,0.016779
0.296791,0.425532,0.035533,0.394541,0.494297,0.011869,0.399351,0.520833,0.011364
0.248201,0.208571,0.042945,0.225225,0.323034,0.00996,0.1875,0.353135,0.013636
0.342857,0.10586,0.124294,0.342342,0.108333,0.017699,0.315315,0.122004,0.013544
0.25,0.273684,0.018927,0.273973,0.209524,0.019553,0.344262,0.348837,0.015217
0.232653,0.152815,0.028674,0.353909,0.188535,0.033333,0.402116,0.181677,0.023077
0.274194,0.176471,0.029126,0.370892,0.275,0.019608,0.373494,0.204819,0.014545
0.300448,0.241135,0.063063,0.334764,0.329032,0.012698,0.351931,0.349057,0.021459
0.245033,0.24127,0.025424,0.348837,0.306701,0.02069,0.460993,0.355212,0.039216
0.254682,0.172414,0.02649,0.349711,0.239286,0.010563,0.419492,0.283333,0.024129
0.560185,0.241509,0.023585,0.717949,0.345865,0.017964,0.755869,0.420601,0.017241
0.453237,0.176471,0.014706,0.51419,0.242718,0.028037,0.566038,0.255814,0.017021
0.201613,0.139535,0.022936,0.308824,0.2,0.015152,0.328125,0.214286,0.029703
0.335958,0.2,0.019108,0.347418,0.252252,0.017467,0.345714,0.271605,0.023585
0.231707,0.246753,0.031153,0.391892,0.355482,0.022831,0.304878,0.391489,0.012766
0.397129,0.2,0.026144,0.496,0.29078,0.022472,0.510526,0.386473,0.019355
0.447811,0.220896,0.022727,0.498442,0.225397,0.016194,0.498039,0.294118,0.013477
0.212014,0.184524,0.041322,0.245614,0.225806,0.013514,0.315961,0.268116,0.040404
0.202247,0.232143,0.045752,0.323843,0.371681,0.012346,0.288321,0.35443,0.020161
0.337398,0.224359,0.028986,0.301333,0.333333,0.01506,0.35689,0.461538,0.03681
0.303571,0.21875,0.015707,0.382353,0.174497,0.008929,0.349398,0.246575,0.0375
0.221053,0.221805,0.028235,0.321429,0.299035,0.021858,0.247191,0.422131,0.023411
0.15748,0.188976,0.024194,0.244444,0.207469,0.014644,0.413462,0.290179,0.010526
0.280952,0.146617,0.030303,0.376682,0.107143,0.019417,0.448485,0.177866,0.025641
0.231144,0.174274,0.039474,0.364465,0.225694,0.012077,0.415902,0.219008,0.015873
0.217984,0.171053,0.039813,0.273563,0.144737,0.030534,0.289773,0.185484,0.027972
0.279461,0.232816,0.042623,0.329966,0.298673,0.0199,0.349138,0.355191,0.015789
0.083885,0.222222,0.043689,0.07611,0.538462,0.022059,0.08982,0.565217,0.008881
0.497076,0.054441,0.034884,0.5,0.324074,0.016556,0.508876,0.099099,0.0181
0.210648,0.054755,0.028777,0.22973,0.015898,0.016667,0.26738,0.094017,0.023121
0.238889,0.053371,0.02924,0.372671,0.355556,0.034884,0.416,0.095652,0.010169
0.206897,0.053221,0.033981,0.317518,0.153285,0.015798,0.348837,0.096491,0.028571
0.277551,0.226087,0.079498,0.341564,0.332031,0.035448,0.378947,0.347003,0.020588
0.267241,0.0125,0.018519,0.34748,0.292763,0.013514,0.413907,0.020921,0.016949
0.213873,0.183333,0.04065,0.331754,0.229508,0.026549,0.363636,0.395833,0.016327
0.290323,0.186207,0.020548,0.366197,0.240223,0.020243,0.321212,0.227723,0.018462
0.278481,0.225225,0.034043,0.328358,0.33121,0.017021,0.398734,0.293839,0.013129
0.432773,0.20132,0.056497,0.520833,0.338308,0.021552,0.525822,0.328881,0.013605
0.300937,0.181818,0.038251,0.379128,0.324675,0.022727,0.466814,0.257426,0.025189
0.205263,0.197368,0.045455,0.219251,0.323333,0.024752,0.138686,0.271318,
0.396226,0.234828,0.026104,0.327869,0.236111,0.022099,0.408163,0.342233,
0.437086,0.26601,0.059028,0.494012,0.348101,0.021505,0.51634,0.331658,
0.103659,0.210884,0.013937,0.164634,0.576087,0.024096,0.159091,0.406061,
0.234043,0.166065,0.039683,0.379487,0.154062,0.017986,0.324841,0.219409,
0.184615,0.160784,0.021739,0.398734,0.15508,0.01599,0.427419,0.274914,
0.25,0.30303,0.022422,0.341463,0.324841,0.015957,0.426573,0.408759,
0.257282,0.341176,0.024862,0.267516,0.264529,0.015444,0.258065,0.555556,
0.25323,0.151408,0.017073,0.163462,0.328025,0.032319,0.178404,0.185393,
0.180412,0.169279,0.022599,0.373626,0.222707,0.017094,0.469194,0.196765,
0.278761,0.225352,0.04947,0.323308,0.145933,0.020468,0.415541,0.377622,
0.229167,0.183908,0.021459,0.388889,0.372881,0.018051,0.445161,0.291291,
0.293103,0.268212,0.052174,0.303136,0.375,0.019656,0.401674,0.369099,
0.244898,0.160714,0.026239,0.316964,0.236667,0.020238,0.348442,0.203791,
0.224215,0.126374,0.021201,0.368421,0.304965,0.021672,0.354701,0.150769,
0.299639,0.209677,0.039106,0.296089,0.148148,0.026506,0.375723,0.403509,
0.218391,0.277487,0.027848,0.528736,0.336879,0.016416,0.541744,0.392344,
0.44864,0.190871,0.043011,0.43617,0.306338,0.031088,0.352697,0.21875,
0.27459,0.185328,0.031496,0.106464,0.280105,,0.136842,0.272727,
0.128535,0.107383,0.04,0.370044,0.327586,,0.285714,0.210117,
0.286996,0.215328,0.021739,0.36036,0.247525,,0.409091,0.418719,
0.261682,0.25784,0.026846,0.523408,0.247582,,0.349693,0.378486,
0.427497,0.218563,0.030189,0.578947,0.310811,,0.532402,0.404494,
0.446759,0.188679,0.053571,0.122807,0.370656,,0.575597,0.294498,
0.121575,0.197143,0.044674,0.226277,0.273927,,0.140952,0.232353,
0.315789,0.195991,0.026316,0.05303,0.235294,,0.291339,0.264045,
0.27907,0.25641,0.021127,0.340659,0.252033,,0.089109,0.340659,
0.058887,0.262222,0.036122,0.0659,0.243103,,0.354497,0.377551,
0.158815,0.184669,0.021739,0.157318,0.367188,,0.094479,0.292683,
0.210402,0.16,0.04,0.269474,0.372263,,0.16542,0.27451,
0.310345,0.170667,0.030303,0.329341,0.307692,,0.289941,0.267101,
0.269953,0.170956,0.028736,0.284444,0.244406,,0.316547,0.266811,
0.485294,0.2,0.015198,0.491892,0.256881,,0.279188,0.298077,
0.029586,0.25641,0.029851,0.018605,0.380342,,0.537634,0.371681,
0.29902,0.211268,0.029703,0.280899,0.257143,,0.395973,0.346154,
0.409894,0.178431,0.018182,0.635739,0.322581,,0.562232,0.276102,
1,0.206422,0.043165,1,0.269939,,1,0.356688,
0.077167,0.293333,0.023179,0.075758,0.41358,,0.09349,0.401914,
0.225564,0.118367,0.035714,0.248756,0.305195,,0.262806,0.291845,
0.231214,0.276276,0.029703,0.370787,0.285024,,0.420118,0.423868,
0.285156,0.138889,0.019139,0.384298,0.358744,,0.385027,0.256,
0.257143,0.349315,0.018809,0.254144,0.336283,,0.281046,0.4,
0.23506,0.24031,0.032653,0.361011,0.282609,,0.331754,0.294118,
0.205056,0.224044,0.050435,0.265,0.348315,,0.293255,0.365269,
0.215164,0.218341,0.02,0.229846,0.25072,,0.242857,0.352632,
0.255319,0.20614,0.020725,0.296417,0.13141,,0.308642,0.404762,
0.256757,0.216418,0.017606,0.398374,0.299625,,0.406417,0.40708,
0.253378,0.230769,0.036145,0.346645,0.12,,0.298137,0.470588,
0.055923,0.185811,0.046332,0.045414,0.302158,,0.052735,0.31203,
0.073572,0.111524,0.041825,0.065254,0.35426,,0.077838,0.136364,
0.054878,0.190141,0.030488,0.042336,0.423077,,0.054802,0.313559,
0.051495,0.118644,0.047138,0.063927,0.274194,,0.058104,0.180412,
0.263415,0.220049,0.017893,0.361345,0.297297,,0.427835,0.288401,
0.303907,0.252577,0.03876,0.331006,0.321033,,0.085271,0.4,
0.212963,0.2,0.028302,0.2397,0.282609,,0.063745,0.352941,
0.226563,0.165644,0.03211,0.204819,0.443902,,0.391791,0.244048,
0.205645,0.208791,0.033835,0.258824,0.25641,,0.28169,0.328947,
0.261905,0.176724,0.054591,0.361257,0.374486,,0.225564,0.370833,
0.272472,0.294479,0.043593,0.347619,0.317073,,0.309179,0.373494,
0.407295,0.274286,0.049254,0.53352,0.25731,,0.441379,0.357576,
0.214286,0.2,0.01788,0.415385,0.180212,,0.345196,0.231884,
0.248175,0.27027,0.02957,0.22695,0.245473,,0.532374,0.414791,
0.28866,0.20068,0.015233,0.350711,0.316038,,0.363636,0.359447,
0.291971,0.185455,0.032095,0.361963,0.28013,,0.330769,0.262238,
0.316176,0.205357,0.041176,0.354651,0.200637,,0.415789,0.243781,
0.246377,0.151282,,0.400943,0.192308,,0.405063,0.275204,
0.417266,0.265306,,0.522346,0.334337,,0.441667,0.297872,
0.217949,0.180672,,0.303797,0.304878,,0.316456,0.251969,
0.185022,0.154412,,0.22449,0.349265,,0.558621,0.163793,
0.437186,0.155172,,0.509554,0.307692,,0.385185,0.245536,
0.242967,0.245487,,0.316804,0.072917,,0.260331,0.389121,
0.150964,0.246809,,0.149956,0.346939,,0.534351,0.309645,
0.243038,0.202532,,0.324263,0.333333,,0.344482,0.333333,
0.310345,0.277311,,0.375,0.126866,,0.196547,0.40404,
0.329167,0.098485,,0.365462,0.129252,,0.324921,0.091667,
0.131291,0.191919,,0.201663,0.318612,,0.338983,0.305882,
0.253247,0.235294,,0.352273,0.174888,,0.361345,0.412371,
0.243902,0.140909,,0.432432,0.181159,,0.149718,0.180672,
0.32971,0.118881,,0.381481,0.32899,,0.338129,0.183453,
0.272472,0.235915,,0.349398,0.33871,,0.451613,0.308271,
0.215311,0.123077,,0.308017,0.276119,,0.368421,0.146739,
0.251309,0.128846,,0.337719,0.365854,,0.34507,0.146172,
0.247423,0.217712,,0.334821,0.086957,,0.382514,0.320611,
0.41958,0.195489,,0.555224,0.302817,,0.372781,0.385827,
0.261538,0.232236,,0.396226,0.294872,,0.372781,0.317073,
0.255814,0.214744,,0.281915,0.311881,,0.642066,0.355263,
0.287356,0.15625,,0.296443,0.383562,,0.395833,0.222222,
0.361905,0.198413,,0.345865,0.511312,,0.368,0.357724,
0.251101,0.166667,,0.324561,0.020202,,0.322751,0.380531,
0.292135,0.25,,0.331658,0.462428,,0.37,0.338028,
0.285714,0.219072,,0.331658,0.479675,,0.341969,0.409241,
0.311005,0.296154,,0.364444,0.237069,,0.352113,0.618497,
0.298319,0.32,,0.414449,0.232082,,0.347518,0.641221,
0.27551,0.296053,,0.354037,0.149206,,0.39759,0.609091,
0.213675,0.173913,,0.223358,0.288235,,0.397906,0.229412,
0.284281,0.178138,,0.285246,0.346405,,0.424242,0.267281,
0.45283,0.134557,,0.555556,0.33,,0.26422,0.230769,
0.392954,0.265537,,0.527132,0.367647,,0.425,0.367188,
0.170213,0.238411,,0.245455,0.303571,,0.596154,0.34965,
0.202247,0.23913,,0.25,0.317507,,0.541772,0.340909,
0.289894,0.306358,,0.343511,0.104027,,0.302521,0.428571,
0.275253,0.211055,,0.337719,0.231308,,0.305085,0.379747,
0.252294,0.237931,,0.317757,0.225705,,0.384892,0.350943,
0.24812,0.148289,,0.258065,0.25,,0.342495,0.193916,
0.208,0.195187,,0.268571,0.602941,,0.384146,0.239521,
0.204868,0.219828,,0.263069,0.115834,,0.224638,0.28,
0.181034,0.181818,,0.336364,0.35124,,0.259843,0.242857,
0.252073,0.26506,,0.315436,0.178645,,0.300439,0.622642,
0.284232,0.11465,,0.353201,0.293194,,0.4125,0.150221,
0.257813,0.255102,,0.309609,0.05968,,0.376147,0.370968,
0.292035,0.116531,,0.244755,0.321818,,0.395664,0.195965,
0.118257,0.217765,,0.131991,0.347594,,0.356436,0.280702,
0.10219,0.054276,,0.049738,0.336283,,0.371901,0.044625,
0.037975,0.208333,,0.024465,0.298429,,0.122699,0.378505,
0.093525,0.316667,,0.046997,0.134228,,0.083591,0.392593,
0.298765,0.273973,,0.377574,0.311558,,0.021352,0.454023,
0.210526,0.137931,,0.282258,0.315254,,0.06962,0.290698,
0.245614,0.114447,,0.383117,0.27762,,0.429851,0.163755,
0.414286,0.268421,,0.484653,0.281046,,0.252632,0.357542,
0.248062,0.218182,,0.361702,0.305085,,0.351064,0.307692,
0.253521,0.180851,,0.357576,0.206226,,0.50096,0.297872,
0.243802,0.157895,,0.389105,0.219858,,0.420091,0.319444,
0.284768,0.178295,,0.314607,0.21831,,0.3,0.258621,
0.20202,0.18705,,0.20524,0.363636,,0.389423,0.20197,
0.231325,0.142857,,0.261653,0.347079,,0.28,0.232759,
0.225885,0.219697,,0.261488,0.254717,,0.278689,0.276423,
0.655814,0.228916,,0.607143,0.146753,,0.265133,0.293333,
0.217877,0.22449,,0.318841,0.23913,,0.261519,0.375,
0.246753,0.171271,,0.337349,0.304933,,0.56129,0.304878,
0.20339,0.150538,,0.283019,0.218182,,0.313187,0.150502,
0.206074,0.179191,,0.261856,0.217742,,0.565217,0.2125,
0.433613,0.238532,,0.542698,0.30102,,0.352601,0.387283,
0.340102,0.166667,,0.290816,0.357143,,0.196517,0.273092,
0.26943,0.160991,,0.330144,0.255319,,0.535754,0.240157,
0.222222,0.228571,,0.254958,0.324324,,0.36747,0.287293,
0.416,0.275862,,0.539634,0.309942,,0.330097,0.415584,
0.282421,0.240909,,0.324138,0.125714,,0.308594,0.333333,
0.309278,0.217532,,0.336957,0.302789,,0.577075,0.356808,
0.36,0.232323,,0.6,0.229917,,0.345455,0.335664,
0.333333,0.107595,,0.305263,0.351598,,0.402299,0.171975,
0.113095,0.278761,,0.131313,0.415094,,0.59542,0.322115,
0.284483,0.201413,,0.172,0.431138,,0.348485,0.29588,
0.182886,0.29148,,0.273006,0.282051,,0.172589,0.424581,
0.581994,0.278912,,0.131752,0.22449,,0.358779,0.424051,
0.312,0.265734,,0.474763,0.395652,,0.1392,0.409639,
0.266904,0.237736,,0.364286,0.58147,,0.49703,0.264069,
0.295918,0.130252,,0.342949,0.151134,,0.384615,0.255102,
0.27673,0.212245,,0.337349,0.317829,,0.340081,0.328431,
0.220884,0.369919,,0.333333,0.296,,0.359375,0.477099,
0.384106,0.148459,,0.285965,0.24424,,0.440994,0.174556,
0.234694,0.258621,,0.5,0.302817,,0.274892,0.411215,
0.210526,0.330986,,0.336634,0.248,,0.542683,0.356522,
0.423913,0.176768,,0.221239,0.244941,,0.411215,0.239264,
0.225806,0.271318,,0.581197,0.109299,,0.303483,0.447059,
0.088542,0.172018,,0.308756,0.234225,,0.704082,0.237113,
0.06338,0.197545,,0.098837,0.317073,,0.397959,0.260331,
0.20979,0.164905,,0.088889,0.216561,,0.084967,0.156682,
0.264317,0.199383,,0.263889,0.331445,,0.062016,0.243132,
0.243728,0.289157,,0.351931,0.306667,,0.262295,0.413534,
0.224806,0.1875,,0.252033,0.305195,,0.153846,0.211679,
0.275556,0.251366,,0.237143,0.18323,,0.01581,0.365314,
0.209924,0.248062,,0.340996,0.330544,,0.368664,0.429825,
0.173585,0.24812,,0.283333,0.265152,,0.316456,0.482456,
0.396985,0.217573,,0.286667,0.343826,,0.233962,0.303371,
0.222222,0.20098,,0.463964,0.258883,,0.402913,0.358491,
0.258373,0.253623,,0.276316,0.323843,,0.349282,0.309091,
0.326923,0.254386,,0.39485,0.129555,,0.270386,0.346705,
0.262346,0.153846,,0.391753,0.279621,,0.513889,0.242236,
0.265432,0.216814,,0.351266,0.5323,,0.280528,0.393162,
0.273585,0.15,,0.349057,0.220736,,0.373737,0.168421,
0.40694,0.237209,,0.345972,0.321023,,0.359281,0.390805,
0.079137,0.369281,,0.543243,0.296578,,0.378378,0.544892,
0.152778,0.175627,,0.090909,0.320261,,0.379845,0.250871,
0.01912,0.248649,,0.090909,0.253968,,0.362963,0.409266,
0.140518,0.294118,,0.074074,0.265896,,0.539432,0.4,
0.134561,0.252101,,0.01992,0.27248,,0.108696,0.355072,
0.236025,0.241935,,0.155575,0.295455,,0.072993,0.244898,
0.372263,0.168478,,0.199752,0.257246,,0.138462,0.395522,
0.22093,0.143302,,0.261307,0.326606,,0.032419,0.25,
0.287206,0.274194,,0.466019,0.278261,,0.164076,0.364286,
0.335106,0.244444,,0.426471,0.222222,,0.209801,0.259804,
0.266968,0.281307,,0.304444,0.312704,,0.369427,0.413965,
0.274038,0.2,,0.362385,0.129094,,0.494071,0.366848,
0.169231,0.21875,,0.390135,0.333895,,0.373134,0.353383,
0.208178,0.212851,,0.278846,0.314286,,0.342569,0.340807,
0.2723,0.142857,,0.280488,0.245552,,0.17377,0.189247,
0.202073,0.245421,,0.267857,0.337596,,0.271505,0.362981,
0.450425,0.185811,,0.360489,0.35316,,0.270777,0.353383,
0.272727,0.148837,,0.275862,0.365759,,0.372642,0.283422,
0.415094,0.215789,,0.540609,0.290598,,0.308989,0.353333,
0.29375,0.203187,,0.338301,0.25625,,0.403509,0.420792,
0.275591,0.232877,,0.456647,0.356021,,0.111111,0.341772,
0.22335,0.256039,,0.409357,0.331155,,0.287671,0.323077,
0.19797,0.222628,,0.252252,0.330472,,0.374346,0.271478,
0.240741,0.217143,,0.277154,0.33795,,0.323308,0.359649,
0.290055,0.239186,,0.347418,0.358779,,0.593373,0.365714,
0.244898,0.291457,,0.314879,0.389831,,0.367521,0.405286,
0.215909,0.229226,,0.347258,0.357542,,0.519084,0.388889,
0.265714,0.207317,,0.404389,0.352287,,0.382114,0.343137,
0.129032,0.247312,,0.247619,0.068571,,0.285714,0.45098,
0.363636,0.251613,,0.379603,0.378378,,0.300429,0.416107,
0.273885,0.250342,,0.132075,0.212329,,0.326531,0.388087,
0.19797,0.063492,,0.525974,0.216783,,0.391111,0.092593,
0.170543,0.297587,,0.308411,0.157407,,0.349442,0.441718,
0.25,0.213115,,0.26087,0.248588,,0.342975,0.197425,
0.298077,0.206186,,0.248322,0.352381,,0.261905,0.192308,
0.204225,0.076087,,0.363636,0.300971,,0.346021,0.086022,
0.394558,0.209059,,0.325175,0.22,,0.156522,0.285714,
0.662215,0.226667,,0.251748,0.078341,,0.570313,0.272189,
0.134862,0.223404,,0.42515,0.076153,,0.260355,0.289474,
0.050736,0.173759,,0.680642,0.089804,,0.265432,0.267361,
0.202614,0.068699,,0.152737,0.32567,,0.271186,0.096964,
0.185379,0.061728,,0.033981,0.437262,,0.334928,0.088599,
0.368421,0.259259,,0.287234,0.244898,,0.37931,0.0901,
0.218978,0.426136,,0.253731,0.319892,,0.274648,0.365979,
0.292453,0.171171,,0.333333,0.296804,,0.496599,0.502392,
0.261905,0.228723,,0.217949,0.113238,,0.67624,0.335025,
0.468085,0.207428,,0.261682,0.238683,,0.141635,0.02,
0.272152,0.092421,,0.285714,,,0.05315,0.350453,
0.373522,0.175676,,0.636364,,,0.234899,0.324401,
0.418478,,,0.38558,,,0.3125,0.133201,
0.234043,,,0.493333,,,0.319892,0.299735,
0.194888,,,0.526882,,,0.52381,,
0.023438,,,0.266304,,,0.266667,,
0.198433,,,0.259563,,,0.37037,,
0.227586,,,0.049251,,,0.338798,,
0.20625,,,0.257831,,,0.71875,,
0.232472,,,0.409091,,,0.357143,,
0.273504,,,0.274052,,,0.446701,,
0.469484,,,0.223565,,,0.529851,,
0.314189,,,0.338658,,,0.279503,,
0.25,,,0.654867,,,0.227612,,
0.55,,,0.148148,,,0.033505,,
0.547739,,,0.319527,,,0.27003,,
0.224138,,,0.329609,,,0.381443,,
0.262295,,,0.694064,,,0.291228,,
0.256281,,,0.691244,,,0.266187,,
0.278826,,,0.284553,,,0.376471,,
0.224719,,,0.391304,,,0.544118,,
0.389925,,,0.401766,,,0.115385,,
0.273292,,,0.314402,,,0.392086,,
0.394928,,,0.317673,,,0.347222,,
0.333333,,,0.479938,,,0.769231,,
0.233333,,,0.347826,,,0.770833,,
0.233333,,,0.478528,,,0.455446,,
0.312661,,,0.56962,,,0.391304,,
0.258929,,,0.263441,,,0.400585,,
0.316456,,,0.262162,,,0.351499,,
0.390533,,,0.391304,,,0.340845,,
0.12987,,,0.251799,,,0.516411,,
0.264151,,,0.351064,,,0.445087,,
0.219512,,,0.448529,,,0.514706,,
0.185915,,,0.107143,,,0.52381,,
0.239344,,,0.271429,,,0.276,,
0.094488,,,0.241935,,,0.268,,
0.274131,,,0.254321,,,0.413333,,
0.481481,,,0.233333,,,0.389381,,
0.239234,,,0.072368,,,0.37931,,
0.32,,,0.379464,,,0.618321,,
0.269053,,,0.69863,,,0.14082,,
0.28821,,,0.287554,,,0.242188,,
0.247232,,,0.328,,,0.014981,,
0.671296,,,0.347392,,,0.230769,,
0.257143,,,0.389908,,,0.299065,,
0.316667,,,0.359862,,,0.265734,,
0.21118,,,0.611872,,,0.096296,,
0.414894,,,0.40099,,,0.370044,,
0.250742,,,0.316456,,,0.757282,,
0.236364,,,0.260638,,,0.306306,,
0.26506,,,0.481928,,,0.366667,,
0.228758,,,0.326409,,,0.365,,
0.276119,,,0.369863,,,0.391892,,
0.245098,,,0.39,,,0.382143,,
0.485185,,,0.28655,,,0.576923,,
0.348101,,,0.338095,,,0.344444,,
0.285714,,,0.279279,,,0.328704,,
0.28169,,,0.484642,,,0.346939,,
0.240924,,,0.567742,,,0.556701,,
0.411321,,,0.338462,,,0.351738,,
0.280374,,,0.352697,,,0.306452,,
0.249042,,,0.315436,,,0.423313,,
0.239264,,,0.457726,,,0.273333,,
0.04888,,,0.245283,,,0.366197,,
,,,0.351974,,,0.43956,,
,,,0.208122,,,0.586667,,
,,,0.059322,,,0.612903,,
,,,,,,0.380952,,
,,,,,,0.358382,,
,,,,,,0.354331,,
,,,,,,0.606557,,
,,,,,,0.369369,,
,,,,,,0.348837,,
,,,,,,0.287719,,
,,,,,,0.023095,,