group,id,day,size
Grp. A1 B6 (100% C1),424,7,25.7256
Grp. A1 B6 (100% C1),424,10,36.3927005
Grp. A1 B6 (100% C1),424,14,46.803512
Grp. A1 B6 (100% C1),424,17,98.26039
Grp. A1 B6 (100% C1),424,21,112.6732035
Grp. A1 B6 (100% C1),424,24,105.133581
Grp. A1 B6 (100% C1),424,28,110.254662
Grp. A1 B6 (100% C1),424,31,117.5363
Grp. A1 B6 (100% C1),424,35,118.24435
Grp. A1 B6 (100% C1),424,38,134.140032
Grp. A1 B6 (100% C1),424,42,173.414626
Grp. A1 B6 (100% C1),424,45,244.98689
Grp. A1 B6 (100% C1),424,49,312.618202
Grp. A1 B6 (100% C1),424,52,498.264138
Grp. A1 B6 (100% C1),425,7,22.8492165
Grp. A1 B6 (100% C1),425,10,57.130809
Grp. A1 B6 (100% C1),425,14,50.9012
Grp. A1 B6 (100% C1),425,17,58.571025
Grp. A1 B6 (100% C1),425,21,49.478975
Grp. A1 B6 (100% C1),425,24,27.386998
Grp. A1 B6 (100% C1),425,28,41.2347665
Grp. A1 B6 (100% C1),425,31,50.1993375
Grp. A1 B6 (100% C1),425,35,84.279296
Grp. A1 B6 (100% C1),425,38,106.716288
Grp. A1 B6 (100% C1),425,42,106.07167
Grp. A1 B6 (100% C1),425,45,129.4524205
Grp. A1 B6 (100% C1),425,49,133.100514
Grp. A1 B6 (100% C1),425,52,160.1104015
Grp. A1 B6 (100% C1),425,56,202.2940215
Grp. A1 B6 (100% C1),425,59,229.7903985
Grp. A1 B6 (100% C1),425,63,327.89936
Grp. A1 B6 (100% C1),425,66,332.226048
Grp. A1 B6 (100% C1),425,70,484.2018
Grp. A1 B6 (100% C1),425,73,507.8214
Grp. A1 B6 (100% C1),425,77,661.405526
Grp. A1 B6 (100% C1),425,80,692.225352
Grp. A1 B6 (100% C1),425,84,898.44588
Grp. A1 B6 (100% C1),425,87,1142.2782
Grp. A1 B6 (100% C1),426,7,17.824296
Grp. A1 B6 (100% C1),426,10,39.557046
Grp. A1 B6 (100% C1),426,14,45.1241955
Grp. A1 B6 (100% C1),426,17,64.75212
Grp. A1 B6 (100% C1),426,21,65.3184
Grp. A1 B6 (100% C1),426,24,64.888912
Grp. A1 B6 (100% C1),426,28,64.257336
Grp. A1 B6 (100% C1),426,31,83.9592
Grp. A1 B6 (100% C1),426,35,109.530848
Grp. A1 B6 (100% C1),426,38,150.3091725
Grp. A1 B6 (100% C1),426,42,153.161925
Grp. A1 B6 (100% C1),426,45,167.03622
Grp. A1 B6 (100% C1),426,49,212.0896875
Grp. A1 B6 (100% C1),427,7,33.502446
Grp. A1 B6 (100% C1),427,10,53.467722
Grp. A1 B6 (100% C1),427,14,71.0
Grp. A1 B6 (100% C1),427,17,102.46401
Grp. A1 B6 (100% C1),427,21,106.69265
Grp. A1 B6 (100% C1),427,24,103.377456
Grp. A1 B6 (100% C1),427,28,102.675404
Grp. A1 B6 (100% C1),427,31,106.3845125
Grp. A1 B6 (100% C1),427,35,121.891878
Grp. A1 B6 (100% C1),427,38,153.772426
Grp. A1 B6 (100% C1),427,42,156.683868
Grp. A1 B6 (100% C1),427,45,201.89205
Grp. A1 B6 (100% C1),427,49,266.438988
Grp. A1 B6 (100% C1),427,52,300.4959375
Grp. A1 B6 (100% C1),427,56,372.236634
Grp. A1 B6 (100% C1),427,59,508.8830125
Grp. A1 B6 (100% C1),427,63,655.841286
Grp. A1 B6 (100% C1),427,66,729.456426
Grp. A1 B6 (100% C1),427,70,906.299904
Grp. A1 B6 (100% C1),428,7,18.559436
Grp. A1 B6 (100% C1),428,10,52.8419585
Grp. A1 B6 (100% C1),428,14,58.0576755
Grp. A1 B6 (100% C1),428,17,62.7692625
Grp. A1 B6 (100% C1),428,21,39.460832
Grp. A1 B6 (100% C1),428,24,22.106214
Grp. A1 B6 (100% C1),428,28,22.707
Grp. A1 B6 (100% C1),428,31,30.253338
Grp. A1 B6 (100% C1),428,35,31.86495
Grp. A1 B6 (100% C1),428,38,32.521942
Grp. A1 B6 (100% C1),428,42,31.1805
Grp. A1 B6 (100% C1),428,45,31.172126
Grp. A1 B6 (100% C1),428,49,31.020805
Grp. A1 B6 (100% C1),428,52,31.5504285
Grp. A1 B6 (100% C1),428,56,31.388424
Grp. A1 B6 (100% C1),428,59,27.88192
Grp. A1 B6 (100% C1),428,63,28.6054595
Grp. A1 B6 (100% C1),428,66,31.0763
Grp. A1 B6 (100% C1),428,70,36.11104
Grp. A1 B6 (100% C1),428,73,36.11104
Grp. A1 B6 (100% C1),428,77,38.99259
Grp. A1 B6 (100% C1),428,80,38.735496
Grp. A1 B6 (100% C1),428,84,51.313
Grp. A1 B6 (100% C1),428,87,63.1463
Grp. A1 B6 (100% C1),428,91,70.688475
Grp. A1 B6 (100% C1),428,94,82.798848
Grp. A1 B6 (100% C1),428,98,114.4034145
Grp. A1 B6 (100% C1),428,101,153.864576
Grp. A1 B6 (100% C1),428,105,182.8286685
Grp. A1 B6 (100% C1),429,7,28.584559
Grp. A1 B6 (100% C1),429,10,52.29378
Grp. A1 B6 (100% C1),429,14,83.2605235
Grp. A1 B6 (100% C1),429,17,97.889868
Grp. A1 B6 (100% C1),429,21,97.63299
Grp. A1 B6 (100% C1),429,24,92.303456
Grp. A1 B6 (100% C1),429,28,94.72872
Grp. A1 B6 (100% C1),429,31,128.6965215
Grp. A1 B6 (100% C1),429,35,189.364832
Grp. A1 B6 (100% C1),429,38,197.3303055
Grp. A2 B6 (80% C1; 20% C11),430,7,22.87771
Grp. A2 B6 (80% C1; 20% C11),430,10,37.249722
Grp. A2 B6 (80% C1; 20% C11),430,14,54.820944
Grp. A2 B6 (80% C1; 20% C11),430,17,65.457385
Grp. A2 B6 (80% C1; 20% C11),430,21,65.42725
Grp. A2 B6 (80% C1; 20% C11),430,24,66.2676
Grp. A2 B6 (80% C1; 20% C11),430,28,67.810671
Grp. A2 B6 (80% C1; 20% C11),430,31,108.1546375
Grp. A2 B6 (80% C1; 20% C11),430,35,132.876936
Grp. A2 B6 (80% C1; 20% C11),430,38,155.37184
Grp. A2 B6 (80% C1; 20% C11),430,42,187.656843
Grp. A2 B6 (80% C1; 20% C11),430,45,212.80862
Grp. A2 B6 (80% C1; 20% C11),431,7,21.074458
Grp. A2 B6 (80% C1; 20% C11),431,10,27.8501115
Grp. A2 B6 (80% C1; 20% C11),431,14,39.76
Grp. A2 B6 (80% C1; 20% C11),431,17,64.621053
Grp. A2 B6 (80% C1; 20% C11),431,21,70.11456
Grp. A2 B6 (80% C1; 20% C11),431,24,64.303125
Grp. A2 B6 (80% C1; 20% C11),431,28,37.9694385
Grp. A2 B6 (80% C1; 20% C11),431,31,36.82893
Grp. A2 B6 (80% C1; 20% C11),431,35,49.1236425
Grp. A2 B6 (80% C1; 20% C11),431,38,66.863329
Grp. A2 B6 (80% C1; 20% C11),431,42,67.8528
Grp. A2 B6 (80% C1; 20% C11),431,45,85.53248
Grp. A2 B6 (80% C1; 20% C11),431,49,102.313728
Grp. A2 B6 (80% C1; 20% C11),431,52,143.035596
Grp. A2 B6 (80% C1; 20% C11),431,56,181.351584
Grp. A2 B6 (80% C1; 20% C11),431,59,225.56864
Grp. A2 B6 (80% C1; 20% C11),431,63,257.9574375
Grp. A2 B6 (80% C1; 20% C11),431,66,354.73356
Grp. A2 B6 (80% C1; 20% C11),431,70,457.9910195
Grp. A2 B6 (80% C1; 20% C11),431,73,573.9683015
Grp. A2 B6 (80% C1; 20% C11),431,77,999.548491
Grp. A2 B6 (80% C1; 20% C11),432,7,23.40819
Grp. A2 B6 (80% C1; 20% C11),432,10,34.047225
Grp. A2 B6 (80% C1; 20% C11),432,14,38.526642
Grp. A2 B6 (80% C1; 20% C11),432,17,45.1264275
Grp. A2 B6 (80% C1; 20% C11),432,21,0.1
Grp. A2 B6 (80% C1; 20% C11),432,24,0.1
Grp. A2 B6 (80% C1; 20% C11),432,28,0.1
Grp. A2 B6 (80% C1; 20% C11),432,31,0.1
Grp. A2 B6 (80% C1; 20% C11),432,35,0.1
Grp. A2 B6 (80% C1; 20% C11),432,38,0.1
Grp. A2 B6 (80% C1; 20% C11),432,42,0.1
Grp. A2 B6 (80% C1; 20% C11),432,45,14.7353445
Grp. A2 B6 (80% C1; 20% C11),432,49,45.75068
Grp. A2 B6 (80% C1; 20% C11),432,52,63.489024
Grp. A2 B6 (80% C1; 20% C11),432,56,70.997472
Grp. A2 B6 (80% C1; 20% C11),432,59,78.416
Grp. A2 B6 (80% C1; 20% C11),432,63,85.29505
Grp. A2 B6 (80% C1; 20% C11),432,66,109.973957
Grp. A2 B6 (80% C1; 20% C11),432,70,120.734848
Grp. A2 B6 (80% C1; 20% C11),432,73,112.498944
Grp. A2 B6 (80% C1; 20% C11),432,77,143.193504
Grp. A2 B6 (80% C1; 20% C11),432,80,147.6830845
Grp. A2 B6 (80% C1; 20% C11),432,84,210.846744
Grp. A2 B6 (80% C1; 20% C11),432,87,240.2816
Grp. A2 B6 (80% C1; 20% C11),432,91,277.116228
Grp. A2 B6 (80% C1; 20% C11),432,94,372.1720035
Grp. A2 B6 (80% C1; 20% C11),432,98,490.067424
Grp. A2 B6 (80% C1; 20% C11),432,101,802.28
Grp. A2 B6 (80% C1; 20% C11),432,105,1168.64105
Grp. A2 B6 (80% C1; 20% C11),433,7,24.661496
Grp. A2 B6 (80% C1; 20% C11),433,10,48.2834395
Grp. A2 B6 (80% C1; 20% C11),433,14,69.317118
Grp. A2 B6 (80% C1; 20% C11),433,17,71.4097845
Grp. A2 B6 (80% C1; 20% C11),433,21,63.571378
Grp. A2 B6 (80% C1; 20% C11),433,24,52.306036
Grp. A2 B6 (80% C1; 20% C11),433,28,53.3593665
Grp. A2 B6 (80% C1; 20% C11),433,31,56.350656
Grp. A2 B6 (80% C1; 20% C11),433,35,69.8447805
Grp. A2 B6 (80% C1; 20% C11),433,38,72.577152
Grp. A2 B6 (80% C1; 20% C11),433,42,75.3664
Grp. A2 B6 (80% C1; 20% C11),433,45,76.748938
Grp. A2 B6 (80% C1; 20% C11),433,49,80.176192
Grp. A2 B6 (80% C1; 20% C11),433,52,103.59936
Grp. A2 B6 (80% C1; 20% C11),433,56,126.478996
Grp. A2 B6 (80% C1; 20% C11),433,59,165.753216
Grp. A2 B6 (80% C1; 20% C11),433,63,237.700425
Grp. A2 B6 (80% C1; 20% C11),433,66,261.946158
Grp. A2 B6 (80% C1; 20% C11),433,70,336.559734
Grp. A2 B6 (80% C1; 20% C11),433,73,402.327178
Grp. A2 B6 (80% C1; 20% C11),433,77,488.37654
Grp. A2 B6 (80% C1; 20% C11),433,80,515.44566
Grp. A2 B6 (80% C1; 20% C11),433,84,536.914752
Grp. A2 B6 (80% C1; 20% C11),433,87,549.01515
Grp. A2 B6 (80% C1; 20% C11),433,91,577.261056
Grp. A2 B6 (80% C1; 20% C11),433,94,762.112005
Grp. A2 B6 (80% C1; 20% C11),433,98,824.8647485
Grp. A2 B6 (80% C1; 20% C11),433,101,990.6
Grp. A2 B6 (80% C1; 20% C11),434,7,20.701184
Grp. A2 B6 (80% C1; 20% C11),434,10,33.689934
Grp. A2 B6 (80% C1; 20% C11),434,14,52.790981
Grp. A2 B6 (80% C1; 20% C11),434,17,61.05125
Grp. A2 B6 (80% C1; 20% C11),434,21,62.939835
Grp. A2 B6 (80% C1; 20% C11),434,24,67.457088
Grp. A2 B6 (80% C1; 20% C11),434,28,64.24348
Grp. A2 B6 (80% C1; 20% C11),434,31,69.0390155
Grp. A2 B6 (80% C1; 20% C11),434,35,111.3959385
Grp. A2 B6 (80% C1; 20% C11),434,38,118.244448
Grp. A2 B6 (80% C1; 20% C11),434,42,122.371912
Grp. A2 B6 (80% C1; 20% C11),434,45,136.611792
Grp. A2 B6 (80% C1; 20% C11),434,49,228.887136
Grp. A2 B6 (80% C1; 20% C11),435,7,28.719684
Grp. A2 B6 (80% C1; 20% C11),435,10,53.016
Grp. A2 B6 (80% C1; 20% C11),435,14,74.239076
Grp. A2 B6 (80% C1; 20% C11),435,17,98.9408
Grp. A2 B6 (80% C1; 20% C11),435,21,90.4475
Grp. A2 B6 (80% C1; 20% C11),435,24,91.07397
Grp. A2 B6 (80% C1; 20% C11),435,28,91.20375
Grp. A2 B6 (80% C1; 20% C11),435,31,128.883456
Grp. A2 B6 (80% C1; 20% C11),435,35,150.699368
Grp. A2 B6 (80% C1; 20% C11),435,38,176.5546875
Grp. A2 B6 (80% C1; 20% C11),435,42,182.974869
Grp. A2 B6 (80% C1; 20% C11),435,45,273.550016
Grp. A2 B6 (80% C1; 20% C11),435,49,336.669696
Grp. A2 B6 (80% C1; 20% C11),435,52,484.620274
Grp. A3 B6 (50% C1; 50% C11),436,7,19.79229
Grp. A3 B6 (50% C1; 50% C11),436,10,27.25625
Grp. A3 B6 (50% C1; 50% C11),436,14,37.64473
Grp. A3 B6 (50% C1; 50% C11),436,17,39.027366
Grp. A3 B6 (50% C1; 50% C11),436,21,0.1
Grp. A3 B6 (50% C1; 50% C11),436,24,0.0
Grp. A3 B6 (50% C1; 50% C11),436,28,0.0
Grp. A3 B6 (50% C1; 50% C11),436,31,0.0
Grp. A3 B6 (50% C1; 50% C11),436,35,0.1
Grp. A3 B6 (50% C1; 50% C11),436,38,0.1
Grp. A3 B6 (50% C1; 50% C11),436,42,0.1
Grp. A3 B6 (50% C1; 50% C11),436,45,0.1
Grp. A3 B6 (50% C1; 50% C11),436,49,21.964
Grp. A3 B6 (50% C1; 50% C11),436,52,31.8240545
Grp. A3 B6 (50% C1; 50% C11),436,56,52.4059875
Grp. A3 B6 (50% C1; 50% C11),436,59,79.819545
Grp. A3 B6 (50% C1; 50% C11),436,63,133.602012
Grp. A3 B6 (50% C1; 50% C11),436,66,198.000792
Grp. A3 B6 (50% C1; 50% C11),436,70,406.5957905
Grp. A3 B6 (50% C1; 50% C11),436,73,606.48
Grp. A3 B6 (50% C1; 50% C11),436,77,1056.203676
Grp. A3 B6 (50% C1; 50% C11),437,7,22.776787
Grp. A3 B6 (50% C1; 50% C11),437,10,35.9734
Grp. A3 B6 (50% C1; 50% C11),437,14,48.650875
Grp. A3 B6 (50% C1; 50% C11),437,17,51.886336
Grp. A3 B6 (50% C1; 50% C11),437,21,53.431805
Grp. A3 B6 (50% C1; 50% C11),437,24,31.601598
Grp. A3 B6 (50% C1; 50% C11),437,28,33.6135085
Grp. A3 B6 (50% C1; 50% C11),437,31,39.835386
Grp. A3 B6 (50% C1; 50% C11),437,35,60.9854
Grp. A3 B6 (50% C1; 50% C11),437,38,63.96416
Grp. A3 B6 (50% C1; 50% C11),437,42,67.8957705
Grp. A3 B6 (50% C1; 50% C11),437,45,69.6082005
Grp. A3 B6 (50% C1; 50% C11),437,49,71.696384
Grp. A3 B6 (50% C1; 50% C11),437,52,127.307488
Grp. A3 B6 (50% C1; 50% C11),437,56,135.58302
Grp. A3 B6 (50% C1; 50% C11),437,59,211.192352
Grp. A3 B6 (50% C1; 50% C11),438,7,25.324288
Grp. A3 B6 (50% C1; 50% C11),438,10,35.927035
Grp. A3 B6 (50% C1; 50% C11),438,14,38.188056
Grp. A3 B6 (50% C1; 50% C11),438,17,40.239396
Grp. A3 B6 (50% C1; 50% C11),438,21,30.34395
Grp. A3 B6 (50% C1; 50% C11),438,24,12.0264345
Grp. A3 B6 (50% C1; 50% C11),438,28,11.8546305
Grp. A3 B6 (50% C1; 50% C11),438,31,11.940378
Grp. A3 B6 (50% C1; 50% C11),438,35,18.438886
Grp. A3 B6 (50% C1; 50% C11),438,38,18.181696
Grp. A3 B6 (50% C1; 50% C11),438,42,18.2952
Grp. A3 B6 (50% C1; 50% C11),438,45,18.2952
Grp. A3 B6 (50% C1; 50% C11),438,49,18.2952
Grp. A3 B6 (50% C1; 50% C11),438,52,0.1
Grp. A3 B6 (50% C1; 50% C11),438,56,0.1
Grp. A3 B6 (50% C1; 50% C11),438,59,0.1
Grp. A3 B6 (50% C1; 50% C11),438,63,0.0
Grp. A3 B6 (50% C1; 50% C11),438,66,0.1
Grp. A3 B6 (50% C1; 50% C11),438,70,0.1
Grp. A3 B6 (50% C1; 50% C11),438,73,0.0
Grp. A3 B6 (50% C1; 50% C11),438,77,0.1
Grp. A3 B6 (50% C1; 50% C11),438,80,0.1
Grp. A3 B6 (50% C1; 50% C11),438,84,0.1
Grp. A3 B6 (50% C1; 50% C11),438,87,0.0
Grp. A3 B6 (50% C1; 50% C11),438,91,0.0
Grp. A3 B6 (50% C1; 50% C11),438,94,0.0
Grp. A3 B6 (50% C1; 50% C11),438,98,12.52815
Grp. A3 B6 (50% C1; 50% C11),438,101,24.931445
Grp. A3 B6 (50% C1; 50% C11),438,105,36.88328
Grp. A3 B6 (50% C1; 50% C11),439,7,29.12256
Grp. A3 B6 (50% C1; 50% C11),439,10,43.249635
Grp. A3 B6 (50% C1; 50% C11),439,14,44.9980245
Grp. A3 B6 (50% C1; 50% C11),439,17,46.57352
Grp. A3 B6 (50% C1; 50% C11),439,21,45.949596
Grp. A3 B6 (50% C1; 50% C11),439,24,20.5932875
Grp. A3 B6 (50% C1; 50% C11),439,28,19.56476
Grp. A3 B6 (50% C1; 50% C11),439,31,20.44242
Grp. A3 B6 (50% C1; 50% C11),439,35,28.975104
Grp. A3 B6 (50% C1; 50% C11),439,38,30.2379
Grp. A3 B6 (50% C1; 50% C11),439,42,32.050566
Grp. A3 B6 (50% C1; 50% C11),439,45,43.32188
Grp. A3 B6 (50% C1; 50% C11),439,49,103.738284
Grp. A3 B6 (50% C1; 50% C11),439,52,95.3934165
Grp. A3 B6 (50% C1; 50% C11),439,56,97.104827
Grp. A3 B6 (50% C1; 50% C11),439,59,105.1064
Grp. A3 B6 (50% C1; 50% C11),439,63,93.192192
Grp. A3 B6 (50% C1; 50% C11),439,66,120.0300325
Grp. A3 B6 (50% C1; 50% C11),439,70,129.3458
Grp. A3 B6 (50% C1; 50% C11),439,73,153.0905595
Grp. A3 B6 (50% C1; 50% C11),439,77,246.874782
Grp. A3 B6 (50% C1; 50% C11),439,80,351.10068
Grp. A3 B6 (50% C1; 50% C11),439,84,546.990696
Grp. A3 B6 (50% C1; 50% C11),440,7,26.98488
Grp. A3 B6 (50% C1; 50% C11),440,10,39.543309
Grp. A3 B6 (50% C1; 50% C11),440,14,43.282026
Grp. A3 B6 (50% C1; 50% C11),440,17,44.846325
Grp. A3 B6 (50% C1; 50% C11),440,21,27.7945335
Grp. A3 B6 (50% C1; 50% C11),440,24,22.984192
Grp. A3 B6 (50% C1; 50% C11),440,28,17.8605
Grp. A3 B6 (50% C1; 50% C11),440,31,19.997928
Grp. A3 B6 (50% C1; 50% C11),440,35,30.59715
Grp. A3 B6 (50% C1; 50% C11),440,38,30.73405
Grp. A3 B6 (50% C1; 50% C11),440,42,33.7174
Grp. A3 B6 (50% C1; 50% C11),440,45,44.734976
Grp. A3 B6 (50% C1; 50% C11),440,49,52.2764
Grp. A3 B6 (50% C1; 50% C11),440,52,100.160064
Grp. A3 B6 (50% C1; 50% C11),440,56,168.440832
Grp. A3 B6 (50% C1; 50% C11),440,59,267.235988
Grp. A3 B6 (50% C1; 50% C11),440,63,497.5096375
Grp. A3 B6 (50% C1; 50% C11),441,7,32.588739
Grp. A3 B6 (50% C1; 50% C11),441,10,50.9042525
Grp. A3 B6 (50% C1; 50% C11),441,14,58.3388075
Grp. A3 B6 (50% C1; 50% C11),441,17,58.314392
Grp. A3 B6 (50% C1; 50% C11),441,21,31.957356
Grp. A3 B6 (50% C1; 50% C11),441,24,52.034464
Grp. A3 B6 (50% C1; 50% C11),441,28,13.90861
Grp. A3 B6 (50% C1; 50% C11),441,31,20.644146
Grp. A3 B6 (50% C1; 50% C11),441,35,23.85152
Grp. A3 B6 (50% C1; 50% C11),441,38,24.2992995
Grp. A3 B6 (50% C1; 50% C11),441,42,24.2364505
Grp. A3 B6 (50% C1; 50% C11),441,45,30.19185
Grp. A3 B6 (50% C1; 50% C11),441,49,30.3468785
Grp. A3 B6 (50% C1; 50% C11),441,52,30.3468785
Grp. A3 B6 (50% C1; 50% C11),441,56,24.650152
Grp. A3 B6 (50% C1; 50% C11),441,59,15.47536
Grp. A3 B6 (50% C1; 50% C11),441,63,21.18645
Grp. A3 B6 (50% C1; 50% C11),441,66,19.639375
Grp. A3 B6 (50% C1; 50% C11),441,70,25.7383975
Grp. A3 B6 (50% C1; 50% C11),441,73,39.0103395
Grp. A3 B6 (50% C1; 50% C11),441,77,55.597022
Grp. A3 B6 (50% C1; 50% C11),441,80,76.053303
Grp. A3 B6 (50% C1; 50% C11),441,84,153.9489655
Grp. A3 B6 (50% C1; 50% C11),441,87,182.875223
Grp. A3 B6 (50% C1; 50% C11),441,91,301.893939
Grp. A3 B6 (50% C1; 50% C11),441,94,500.73552
Grp. A3 B6 (50% C1; 50% C11),441,98,1164.489216
Grp. A4 B6 (20% C1; 80% C11),442,7,23.334318
Grp. A4 B6 (20% C1; 80% C11),442,10,37.6
Grp. A4 B6 (20% C1; 80% C11),442,14,41.743548
Grp. A4 B6 (20% C1; 80% C11),442,17,57.726594
Grp. A4 B6 (20% C1; 80% C11),442,21,58.104628
Grp. A4 B6 (20% C1; 80% C11),442,24,54.8291245
Grp. A4 B6 (20% C1; 80% C11),442,28,53.2512
Grp. A4 B6 (20% C1; 80% C11),442,31,61.067212
Grp. A4 B6 (20% C1; 80% C11),442,35,94.3460865
Grp. A4 B6 (20% C1; 80% C11),442,38,122.5085185
Grp. A4 B6 (20% C1; 80% C11),442,42,197.427367
Grp. A4 B6 (20% C1; 80% C11),442,45,252.9792
Grp. A4 B6 (20% C1; 80% C11),443,7,27.31155
Grp. A4 B6 (20% C1; 80% C11),443,10,30.7242
Grp. A4 B6 (20% C1; 80% C11),443,14,36.7416
Grp. A4 B6 (20% C1; 80% C11),443,17,40.0428
Grp. A4 B6 (20% C1; 80% C11),443,21,41.430528
Grp. A4 B6 (20% C1; 80% C11),443,24,35.482496
Grp. A4 B6 (20% C1; 80% C11),443,28,29.5781895
Grp. A4 B6 (20% C1; 80% C11),443,31,30.175101
Grp. A4 B6 (20% C1; 80% C11),443,35,40.842225
Grp. A4 B6 (20% C1; 80% C11),443,38,46.7673885
Grp. A4 B6 (20% C1; 80% C11),443,42,57.1824
Grp. A4 B6 (20% C1; 80% C11),443,45,60.536655
Grp. A4 B6 (20% C1; 80% C11),443,49,76.2498335
Grp. A4 B6 (20% C1; 80% C11),443,52,94.614275
Grp. A4 B6 (20% C1; 80% C11),443,56,190.2790955
Grp. A4 B6 (20% C1; 80% C11),444,7,27.695448
Grp. A4 B6 (20% C1; 80% C11),444,10,46.3672
Grp. A4 B6 (20% C1; 80% C11),444,14,51.2510085
Grp. A4 B6 (20% C1; 80% C11),444,17,53.8265
Grp. A4 B6 (20% C1; 80% C11),444,21,44.57485
Grp. A4 B6 (20% C1; 80% C11),444,24,40.51411
Grp. A4 B6 (20% C1; 80% C11),444,28,32.1531615
Grp. A4 B6 (20% C1; 80% C11),444,31,32.757725
Grp. A4 B6 (20% C1; 80% C11),444,35,39.9984305
Grp. A4 B6 (20% C1; 80% C11),444,38,43.780976
Grp. A4 B6 (20% C1; 80% C11),444,42,47.5288
Grp. A4 B6 (20% C1; 80% C11),444,45,88.817715
Grp. A4 B6 (20% C1; 80% C11),444,49,107.5748685
Grp. A4 B6 (20% C1; 80% C11),444,52,168.003336
Grp. A4 B6 (20% C1; 80% C11),444,56,276.699872
Grp. A4 B6 (20% C1; 80% C11),444,59,435.181321
Grp. A4 B6 (20% C1; 80% C11),444,63,734.874624
Grp. A4 B6 (20% C1; 80% C11),444,66,1630.242
Grp. A4 B6 (20% C1; 80% C11),445,7,27.03775
Grp. A4 B6 (20% C1; 80% C11),445,10,43.952706
Grp. A4 B6 (20% C1; 80% C11),445,14,54.5928
Grp. A4 B6 (20% C1; 80% C11),445,17,58.289665
Grp. A4 B6 (20% C1; 80% C11),445,21,58.247424
Grp. A4 B6 (20% C1; 80% C11),445,24,57.92384
Grp. A4 B6 (20% C1; 80% C11),445,28,43.1433
Grp. A4 B6 (20% C1; 80% C11),445,31,43.932276
Grp. A4 B6 (20% C1; 80% C11),445,35,45.91054
Grp. A4 B6 (20% C1; 80% C11),445,38,48.6
Grp. A4 B6 (20% C1; 80% C11),445,42,60.6407255
Grp. A4 B6 (20% C1; 80% C11),445,45,60.391988
Grp. A4 B6 (20% C1; 80% C11),445,49,72.03372
Grp. A4 B6 (20% C1; 80% C11),445,52,133.626618
Grp. A4 B6 (20% C1; 80% C11),445,56,244.341045
Grp. A4 B6 (20% C1; 80% C11),445,59,335.076734
Grp. A4 B6 (20% C1; 80% C11),445,63,540.157184
Grp. A4 B6 (20% C1; 80% C11),445,66,769.7922035
Grp. A4 B6 (20% C1; 80% C11),445,70,1121.940096
Grp. A4 B6 (20% C1; 80% C11),446,7,26.129666
Grp. A4 B6 (20% C1; 80% C11),446,10,35.2
Grp. A4 B6 (20% C1; 80% C11),446,14,43.780976
Grp. A4 B6 (20% C1; 80% C11),446,17,44.58264
Grp. A4 B6 (20% C1; 80% C11),446,21,45.184849
Grp. A4 B6 (20% C1; 80% C11),446,24,59.285196
Grp. A4 B6 (20% C1; 80% C11),446,28,45.8557435
Grp. A4 B6 (20% C1; 80% C11),446,31,45.731952
Grp. A4 B6 (20% C1; 80% C11),446,35,80.779032
Grp. A4 B6 (20% C1; 80% C11),446,38,86.704128
Grp. A4 B6 (20% C1; 80% C11),446,42,86.6124
Grp. A4 B6 (20% C1; 80% C11),446,45,137.4230475
Grp. A4 B6 (20% C1; 80% C11),446,49,182.950407
Grp. A4 B6 (20% C1; 80% C11),446,52,332.075756
Grp. A4 B6 (20% C1; 80% C11),446,56,516.7046625
Grp. A4 B6 (20% C1; 80% C11),447,7,27.3515625
Grp. A4 B6 (20% C1; 80% C11),447,10,36.8017015
Grp. A4 B6 (20% C1; 80% C11),447,14,44.6292
Grp. A4 B6 (20% C1; 80% C11),447,17,66.236517
Grp. A4 B6 (20% C1; 80% C11),447,21,71.425152
Grp. A4 B6 (20% C1; 80% C11),447,24,64.903096
Grp. A4 B6 (20% C1; 80% C11),447,28,65.574032
Grp. A4 B6 (20% C1; 80% C11),447,31,68.8286255
Grp. A4 B6 (20% C1; 80% C11),447,35,86.37921
Grp. A4 B6 (20% C1; 80% C11),447,38,97.442723
Grp. A4 B6 (20% C1; 80% C11),447,42,103.24845
Grp. A4 B6 (20% C1; 80% C11),447,45,137.7218515
Grp. A4 B6 (20% C1; 80% C11),447,49,170.952212
Grp. A4 B6 (20% C1; 80% C11),447,52,285.7536
Grp. A4 B6 (20% C1; 80% C11),447,56,455.685372
Grp. A4 B6 (20% C1; 80% C11),447,59,730.823148
Grp. A4 B6 (20% C1; 80% C11),447,63,820.4176755
Grp. A4 B6 (20% C1; 80% C11),447,66,1170.377858
Grp. A5 B6 (100% C11),448,7,22.8770955
Grp. A5 B6 (100% C11),448,10,37.450026
Grp. A5 B6 (100% C11),448,14,46.54935
Grp. A5 B6 (100% C11),448,17,53.361
Grp. A5 B6 (100% C11),448,21,55.62288
Grp. A5 B6 (100% C11),448,24,88.276082
Grp. A5 B6 (100% C11),448,28,146.829918
Grp. A5 B6 (100% C11),448,31,249.5152575
Grp. A5 B6 (100% C11),448,35,467.840087
Grp. A5 B6 (100% C11),448,38,703.44451
Grp. A5 B6 (100% C11),448,42,1254.872997
Grp. A5 B6 (100% C11),449,7,21.66255
Grp. A5 B6 (100% C11),449,10,36.634539
Grp. A5 B6 (100% C11),449,14,45.6535715
Grp. A5 B6 (100% C11),449,17,63.8687565
Grp. A5 B6 (100% C11),449,21,68.884066
Grp. A5 B6 (100% C11),449,24,95.669568
Grp. A5 B6 (100% C11),449,28,169.944201
Grp. A5 B6 (100% C11),449,31,237.88647
Grp. A5 B6 (100% C11),449,35,445.8235905
Grp. A5 B6 (100% C11),449,38,801.548928
Grp. A5 B6 (100% C11),449,42,1169.2629
Grp. A5 B6 (100% C11),450,7,22.220458
Grp. A5 B6 (100% C11),450,10,59.8851725
Grp. A5 B6 (100% C11),450,14,64.8091125
Grp. A5 B6 (100% C11),450,17,91.7075585
Grp. A5 B6 (100% C11),450,21,116.129568
Grp. A5 B6 (100% C11),450,24,198.45
Grp. A5 B6 (100% C11),450,28,273.1968
Grp. A5 B6 (100% C11),450,31,479.01295
Grp. A5 B6 (100% C11),451,7,21.273232
Grp. A5 B6 (100% C11),451,10,41.048824
Grp. A5 B6 (100% C11),451,14,56.0464245
Grp. A5 B6 (100% C11),451,17,67.631264
Grp. A5 B6 (100% C11),451,21,74.33285
Grp. A5 B6 (100% C11),451,24,113.568
Grp. A5 B6 (100% C11),451,28,214.872548
Grp. A5 B6 (100% C11),452,7,22.6166545
Grp. A5 B6 (100% C11),452,10,29.7073
Grp. A5 B6 (100% C11),452,14,37.446
Grp. A5 B6 (100% C11),452,17,59.0976
Grp. A5 B6 (100% C11),452,21,66.2209375
Grp. A5 B6 (100% C11),452,24,80.128836
Grp. A5 B6 (100% C11),452,28,85.190224
Grp. A5 B6 (100% C11),452,31,109.754979
Grp. A5 B6 (100% C11),452,35,120.825072
Grp. A5 B6 (100% C11),452,38,158.4109435
Grp. A5 B6 (100% C11),452,42,288.237612
Grp. A5 B6 (100% C11),452,45,393.6902
Grp. A5 B6 (100% C11),452,49,639.7552
Grp. A5 B6 (100% C11),452,52,1048.65453
Grp. A5 B6 (100% C11),453,7,28.8078
Grp. A5 B6 (100% C11),453,10,40.640784
Grp. A5 B6 (100% C11),453,14,54.113832
Grp. A5 B6 (100% C11),453,17,67.788773
Grp. A5 B6 (100% C11),453,21,70.892458
Grp. A5 B6 (100% C11),453,24,100.9885
Grp. A5 B6 (100% C11),453,28,184.036356
Grp. A5 B6 (100% C11),453,31,226.008142
Grp. A5 B6 (100% C11),453,35,405.015625
Grp. A5 B6 (100% C11),453,38,651.92305
Grp. A5 B6 (100% C11),453,42,1042.267136
Grp. B1 nude (100% C1),454,7,20.4034
Grp. B1 nude (100% C1),454,10,38.378025
Grp. B1 nude (100% C1),454,14,88.040093
Grp. B1 nude (100% C1),454,17,145.2384
Grp. B1 nude (100% C1),454,21,211.8645
Grp. B1 nude (100% C1),454,24,384.186933
Grp. B1 nude (100% C1),454,28,654.446754
Grp. B1 nude (100% C1),454,31,1092.327647
Grp. B1 nude (100% C1),455,7,24.547973
Grp. B1 nude (100% C1),455,10,60.38515
Grp. B1 nude (100% C1),455,14,134.95977
Grp. B1 nude (100% C1),455,17,253.324064
Grp. B1 nude (100% C1),455,21,429.3
Grp. B1 nude (100% C1),455,24,864.819756
Grp. B1 nude (100% C1),455,28,1438.970236
Grp. B1 nude (100% C1),456,7,24.374184
Grp. B1 nude (100% C1),456,10,61.2864
Grp. B1 nude (100% C1),456,14,154.67922
Grp. B1 nude (100% C1),456,17,265.095654
Grp. B1 nude (100% C1),456,21,438.65512
Grp. B1 nude (100% C1),456,24,583.164582
Grp. B1 nude (100% C1),457,7,21.467592
Grp. B1 nude (100% C1),457,10,56.268416
Grp. B1 nude (100% C1),457,14,149.1417395
Grp. B1 nude (100% C1),457,17,271.980504
Grp. B1 nude (100% C1),457,21,432.3295655
Grp. B1 nude (100% C1),457,24,802.3551795
Grp. B1 nude (100% C1),457,28,1515.332416
Grp. B1 nude (100% C1),458,7,19.19232
Grp. B1 nude (100% C1),458,10,62.888823
Grp. B1 nude (100% C1),458,14,136.081344
Grp. B1 nude (100% C1),458,17,220.359051
Grp. B1 nude (100% C1),459,7,21.100176
Grp. B1 nude (100% C1),459,10,55.6468065
Grp. B1 nude (100% C1),459,14,101.391829
Grp. B1 nude (100% C1),459,17,206.98018
Grp. B1 nude (100% C1),459,21,312.7054635
Grp. B1 nude (100% C1),459,24,567.593321
Grp. B1 nude (100% C1),459,28,885.365504
Grp. B1 nude (100% C1),459,31,1146.189528
Grp. B2 nude (80% C1; 20% C11),460,7,24.062916
Grp. B2 nude (80% C1; 20% C11),460,10,56.530712
Grp. B2 nude (80% C1; 20% C11),460,14,98.348933
Grp. B2 nude (80% C1; 20% C11),460,17,138.42
Grp. B2 nude (80% C1; 20% C11),460,21,299.1449565
Grp. B2 nude (80% C1; 20% C11),460,24,528.786244
Grp. B2 nude (80% C1; 20% C11),460,28,645.3690705
Grp. B2 nude (80% C1; 20% C11),460,31,865.4688
Grp. B2 nude (80% C1; 20% C11),461,7,22.027744
Grp. B2 nude (80% C1; 20% C11),461,10,53.1116
Grp. B2 nude (80% C1; 20% C11),461,14,109.1328
Grp. B2 nude (80% C1; 20% C11),461,17,145.6128
Grp. B2 nude (80% C1; 20% C11),461,21,319.277952
Grp. B2 nude (80% C1; 20% C11),461,24,631.02672
Grp. B2 nude (80% C1; 20% C11),462,7,22.14746
Grp. B2 nude (80% C1; 20% C11),462,10,55.210211
Grp. B2 nude (80% C1; 20% C11),462,14,153.2644
Grp. B2 nude (80% C1; 20% C11),462,17,271.470712
Grp. B2 nude (80% C1; 20% C11),462,21,534.395136
Grp. B2 nude (80% C1; 20% C11),462,24,840.312796
Grp. B2 nude (80% C1; 20% C11),462,28,1573.554176
Grp. B2 nude (80% C1; 20% C11),463,7,21.958272
Grp. B2 nude (80% C1; 20% C11),463,10,39.396245
Grp. B2 nude (80% C1; 20% C11),463,14,100.6909335
Grp. B2 nude (80% C1; 20% C11),463,17,163.163385
Grp. B2 nude (80% C1; 20% C11),463,21,290.031678
Grp. B2 nude (80% C1; 20% C11),463,24,478.021526
Grp. B2 nude (80% C1; 20% C11),463,28,848.9169
Grp. B2 nude (80% C1; 20% C11),463,31,1288.522816
Grp. B2 nude (80% C1; 20% C11),464,7,24.767316
Grp. B2 nude (80% C1; 20% C11),464,10,49.975296
Grp. B2 nude (80% C1; 20% C11),464,14,113.240885
Grp. B2 nude (80% C1; 20% C11),464,17,181.8696
Grp. B2 nude (80% C1; 20% C11),465,7,24.7651145
Grp. B2 nude (80% C1; 20% C11),465,10,62.688885
Grp. B2 nude (80% C1; 20% C11),465,14,115.093062
Grp. B2 nude (80% C1; 20% C11),465,17,216.655511
Grp. B2 nude (80% C1; 20% C11),465,21,460.158412
Grp. B2 nude (80% C1; 20% C11),465,24,912.177506
Grp. B2 nude (80% C1; 20% C11),465,28,1701.777024
Grp. B3 nude (50% C1; 50% C11),466,7,19.997311
Grp. B3 nude (50% C1; 50% C11),466,10,41.8079475
Grp. B3 nude (50% C1; 50% C11),466,14,83.6194745
Grp. B3 nude (50% C1; 50% C11),466,17,131.295012
Grp. B3 nude (50% C1; 50% C11),466,21,198.375386
Grp. B3 nude (50% C1; 50% C11),466,24,404.604928
Grp. B3 nude (50% C1; 50% C11),466,28,571.780278
Grp. B3 nude (50% C1; 50% C11),466,31,914.211522
Grp. B3 nude (50% C1; 50% C11),467,7,18.300672
Grp. B3 nude (50% C1; 50% C11),467,10,41.170275
Grp. B3 nude (50% C1; 50% C11),467,14,105.6570095
Grp. B3 nude (50% C1; 50% C11),467,17,212.2403045
Grp. B3 nude (50% C1; 50% C11),467,21,411.7536
Grp. B3 nude (50% C1; 50% C11),467,24,606.164206
Grp. B3 nude (50% C1; 50% C11),467,28,903.36165
Grp. B3 nude (50% C1; 50% C11),467,31,1498.743932
Grp. B3 nude (50% C1; 50% C11),468,7,19.7925145
Grp. B3 nude (50% C1; 50% C11),468,10,33.3965325
Grp. B3 nude (50% C1; 50% C11),468,14,91.1047875
Grp. B3 nude (50% C1; 50% C11),468,17,161.586312
Grp. B3 nude (50% C1; 50% C11),468,21,359.3230345
Grp. B3 nude (50% C1; 50% C11),468,24,499.889124
Grp. B3 nude (50% C1; 50% C11),468,28,882.2986305
Grp. B3 nude (50% C1; 50% C11),468,31,1460.247552
Grp. B3 nude (50% C1; 50% C11),469,7,18.095808
Grp. B3 nude (50% C1; 50% C11),469,10,37.866112
Grp. B3 nude (50% C1; 50% C11),469,14,99.0584
Grp. B3 nude (50% C1; 50% C11),469,17,154.8348615
Grp. B3 nude (50% C1; 50% C11),469,21,276.573493
Grp. B3 nude (50% C1; 50% C11),469,24,357.224186
Grp. B3 nude (50% C1; 50% C11),469,28,517.2253125
Grp. B3 nude (50% C1; 50% C11),469,31,801.0121545
Grp. B3 nude (50% C1; 50% C11),470,7,22.199644
Grp. B3 nude (50% C1; 50% C11),470,10,49.308225
Grp. B3 nude (50% C1; 50% C11),470,14,129.309958
Grp. B3 nude (50% C1; 50% C11),470,17,227.170517
Grp. B3 nude (50% C1; 50% C11),470,21,406.722816
Grp. B3 nude (50% C1; 50% C11),470,24,645.0137975
Grp. B3 nude (50% C1; 50% C11),470,28,1384.03465
Grp. B3 nude (50% C1; 50% C11),471,7,23.158872
Grp. B3 nude (50% C1; 50% C11),471,10,56.91938
Grp. B3 nude (50% C1; 50% C11),471,14,153.894816
Grp. B3 nude (50% C1; 50% C11),471,17,195.49296
Grp. B4 nude (20% C1; 80% C11),472,7,20.19244
Grp. B4 nude (20% C1; 80% C11),472,10,36.538848
Grp. B4 nude (20% C1; 80% C11),472,14,77.220864
Grp. B4 nude (20% C1; 80% C11),472,17,130.923936
Grp. B4 nude (20% C1; 80% C11),472,21,254.779668
Grp. B4 nude (20% C1; 80% C11),472,24,441.3942785
Grp. B4 nude (20% C1; 80% C11),472,28,681.805088
Grp. B4 nude (20% C1; 80% C11),472,31,1152.889476
Grp. B4 nude (20% C1; 80% C11),473,7,24.763401
Grp. B4 nude (20% C1; 80% C11),473,10,45.028512
Grp. B4 nude (20% C1; 80% C11),473,14,101.560307
Grp. B4 nude (20% C1; 80% C11),473,17,172.439124
Grp. B4 nude (20% C1; 80% C11),473,21,330.65268
Grp. B4 nude (20% C1; 80% C11),473,24,576.0
Grp. B4 nude (20% C1; 80% C11),473,28,943.72137
Grp. B4 nude (20% C1; 80% C11),473,31,1406.389352
Grp. B4 nude (20% C1; 80% C11),474,7,25.14036
Grp. B4 nude (20% C1; 80% C11),474,10,50.171112
Grp. B4 nude (20% C1; 80% C11),474,14,117.380088
Grp. B4 nude (20% C1; 80% C11),474,17,178.7176
Grp. B4 nude (20% C1; 80% C11),474,21,309.0368375
Grp. B4 nude (20% C1; 80% C11),475,7,26.455163
Grp. B4 nude (20% C1; 80% C11),475,10,53.3232
Grp. B4 nude (20% C1; 80% C11),475,14,90.391504
Grp. B4 nude (20% C1; 80% C11),475,17,157.322506
Grp. B4 nude (20% C1; 80% C11),475,21,298.850812
Grp. B4 nude (20% C1; 80% C11),475,24,462.2038755
Grp. B4 nude (20% C1; 80% C11),475,28,634.3687285
Grp. B4 nude (20% C1; 80% C11),475,31,1048.831492
Grp. B4 nude (20% C1; 80% C11),476,7,28.416576
Grp. B4 nude (20% C1; 80% C11),476,10,59.6712
Grp. B4 nude (20% C1; 80% C11),476,14,134.8987635
Grp. B4 nude (20% C1; 80% C11),476,17,222.7748
Grp. B4 nude (20% C1; 80% C11),476,21,354.920396
Grp. B4 nude (20% C1; 80% C11),476,24,546.362838
Grp. B4 nude (20% C1; 80% C11),476,28,1077.24208
Grp. B4 nude (20% C1; 80% C11),477,7,27.36741
Grp. B4 nude (20% C1; 80% C11),477,10,56.999936
Grp. B4 nude (20% C1; 80% C11),477,14,103.6797415
Grp. B4 nude (20% C1; 80% C11),477,17,165.442176
Grp. B4 nude (20% C1; 80% C11),477,21,299.711875
Grp. B4 nude (20% C1; 80% C11),477,24,470.98017
Grp. B4 nude (20% C1; 80% C11),477,28,705.9072415
Grp. B4 nude (20% C1; 80% C11),477,31,967.03805
Grp. B5 nude (100% C11),478,7,13.5721625
Grp. B5 nude (100% C11),478,10,29.592856
Grp. B5 nude (100% C11),478,14,51.368856
Grp. B5 nude (100% C11),478,17,81.227484
Grp. B5 nude (100% C11),478,21,144.32256
Grp. B5 nude (100% C11),478,24,234.6819115
Grp. B5 nude (100% C11),479,7,16.5292
Grp. B5 nude (100% C11),479,10,37.57293
Grp. B5 nude (100% C11),479,14,66.3552
Grp. B5 nude (100% C11),479,17,98.800016
Grp. B5 nude (100% C11),479,21,142.2328635
Grp. B5 nude (100% C11),479,24,185.7411575
Grp. B5 nude (100% C11),479,28,321.489
Grp. B5 nude (100% C11),479,31,382.550202
Grp. B5 nude (100% C11),479,35,546.225456
Grp. B5 nude (100% C11),479,38,817.1699805
Grp. B5 nude (100% C11),480,7,13.279839
Grp. B5 nude (100% C11),480,10,34.939562
Grp. B5 nude (100% C11),480,14,43.578672
Grp. B5 nude (100% C11),480,17,77.62425
Grp. B5 nude (100% C11),480,21,107.177427
Grp. B5 nude (100% C11),480,24,201.64175
Grp. B5 nude (100% C11),480,28,299.5542
Grp. B5 nude (100% C11),480,31,452.828232
Grp. B5 nude (100% C11),480,35,717.232566
Grp. B5 nude (100% C11),480,38,1001.034331
Grp. B5 nude (100% C11),481,7,20.281216
Grp. B5 nude (100% C11),481,10,33.324712
Grp. B5 nude (100% C11),481,14,57.1302125
Grp. B5 nude (100% C11),481,17,93.161104
Grp. B5 nude (100% C11),481,21,143.6322055
Grp. B5 nude (100% C11),481,24,267.52205
Grp. B5 nude (100% C11),481,28,422.048992
Grp. B5 nude (100% C11),481,31,665.983681
Grp. B5 nude (100% C11),481,35,1026.7264
Grp. B5 nude (100% C11),482,7,14.248814
Grp. B5 nude (100% C11),482,10,30.3966045
Grp. B5 nude (100% C11),482,14,42.7097645
Grp. B5 nude (100% C11),482,17,62.2788625
Grp. B5 nude (100% C11),482,21,111.412784
Grp. B5 nude (100% C11),482,24,170.5078125
Grp. B5 nude (100% C11),482,28,252.802368
Grp. B5 nude (100% C11),482,31,330.339906
Grp. B5 nude (100% C11),482,35,549.10282
Grp. B5 nude (100% C11),482,38,667.804149
Grp. B5 nude (100% C11),483,7,19.554784
Grp. B5 nude (100% C11),483,10,31.2145545
Grp. B5 nude (100% C11),483,14,46.2614125
Grp. B5 nude (100% C11),483,17,70.3978875
Grp. B5 nude (100% C11),483,21,111.5829
Grp. B5 nude (100% C11),483,24,256.730952
Grp. B5 nude (100% C11),483,28,459.8825375
1C,600,7,34.881728
1C,600,11,60.288078
1C,600,12,66.837078
1C,600,14,98.1198
1C,600,15,98.670325
1C,600,18,91.9454625
1C,600,21,100.8224
1C,600,25,122.4229905
1C,600,28,188.801312
1C,600,32,248.12865
1C,600,35,309.1967375
1C,600,39,422.30693
1C,600,42,526.0
1C,600,46,670.278528
1C,600,49,1008.643145
1C,601,7,24.0448
1C,601,11,47.3130055
1C,601,12,52.18304
1C,601,14,64.43505
1C,601,15,65.93865
1C,601,18,75.6248375
1C,601,21,102.35718
1C,601,25,121.483225
1C,601,28,145.300896
1C,601,32,206.9584065
1C,601,35,237.408323
1C,601,39,302.092856
1C,601,42,458.863218
1C,601,46,560.48904
1C,601,49,702.7902
1C,601,53,878.2992
1C,601,56,1004.183438
1C,602,7,21.773824
1C,602,11,31.77741
1C,602,12,33.139299
1C,602,14,42.1090125
1C,602,15,47.432
1C,602,18,53.5348
1C,602,21,52.71274
1C,602,25,78.118912
1C,602,28,112.4209125
1C,602,32,153.317164
1C,602,35,162.87176
1C,602,39,175.020925
1C,602,42,204.549744
1C,602,46,299.302272
1C,602,49,425.93472
1C,602,53,491.597584
1C,602,56,569.888865
1C,602,60,634.91103
1C,602,63,782.4757455
1C,602,67,870.1959875
1C,602,70,1086.237491
1C,609,7,37.204475
1C,609,11,78.186314
1C,609,12,101.9142
1C,609,14,152.186445
1C,609,15,163.37
1C,609,18,193.6301445
1C,609,21,198.9975
1C,609,25,207.44226
1C,609,28,350.0463375
1C,609,32,384.20337
1C,609,35,395.075808
1C,609,39,569.732616
1C,609,42,693.4843175
1C,609,46,1118.868847
2C,627,7,43.541538
2C,627,11,62.2725
2C,627,12,69.629
2C,627,14,79.3454535
2C,627,15,80.266545
2C,627,18,86.09585
2C,627,21,86.6107895
2C,627,25,87.8308515
2C,627,28,91.9828
2C,627,32,99.83536
2C,627,35,101.135684
2C,627,39,106.3913305
2C,627,42,120.3116915
2C,627,46,132.487564
2C,627,49,189.0870865
2C,627,53,244.9408
2C,627,56,395.766922
2C,627,60,466.136286
2C,627,63,549.546426
2C,627,67,947.9857765
2C,627,70,1770.85515
2C,633,7,38.3909895
2C,633,11,39.125992
2C,633,12,41.454
2C,633,14,53.840025
2C,633,15,54.05625
2C,633,18,57.299625
2C,633,21,64.33389
2C,633,25,63.027721
2C,633,28,65.755881
2C,633,32,49.1744
2C,633,35,50.951295
2C,633,39,51.58676
2C,633,42,40.7788575
2C,633,46,0.0
2C,633,49,0.0
2C,633,53,30.423319
2C,633,56,48.7726515
2C,633,60,76.1788035
2C,633,63,102.193564
2C,633,67,123.889024
2C,633,70,239.899056
2C,633,74,388.57302
2C,633,77,502.047876
2C,633,81,677.2383255
2C,633,84,1020.745656
2C,637,7,35.086486
2C,637,11,51.632058
2C,637,12,57.18986
2C,637,14,68.42394
2C,637,15,71.33292
2C,637,18,95.70132
2C,637,21,98.5652
2C,637,25,95.905944
2C,637,28,113.5696875
2C,637,32,131.826681
2C,637,35,131.439612
2C,637,39,135.526846
2C,637,42,138.691168
2C,637,46,162.13365
2C,637,49,181.8098945
2C,637,53,224.423298
2C,637,56,349.921598
2C,637,60,555.342418
2C,637,63,714.920644
2C,637,67,1306.985065
2C,642,7,35.67564
2C,642,11,46.478472
2C,642,12,52.9
2C,642,14,60.562593
2C,642,15,61.2656
2C,642,18,65.2042755
2C,642,21,73.855691
2C,642,25,74.949301
2C,642,28,90.118899
2C,642,32,97.1451
2C,642,35,98.9911935
2C,642,39,106.45276
2C,642,42,113.275368
2C,642,46,136.464062
2C,648,7,27.803482
2C,648,11,36.441702
2C,648,12,40.7484
2C,648,14,45.8427875
2C,648,15,46.347428
2C,648,18,51.39218
2C,648,21,52.459569
2C,648,25,53.13025
2C,648,28,69.31665
2C,648,32,120.228624
2C,648,35,128.963568
2C,648,39,161.476233
2C,648,42,199.284992
2C,648,46,323.15625
2C,648,49,531.508416
2C,648,53,849.538144
2C,648,56,1071.329086
3C,653,7,53.205425
3C,653,11,57.254684
3C,653,12,69.964855
3C,653,14,81.863025
3C,653,15,88.30395
3C,653,18,107.00514
3C,653,21,118.7912055
3C,653,25,108.0352
3C,653,28,125.32485
3C,653,32,153.2034
3C,653,35,176.453574
3C,653,39,246.40803
3C,653,42,379.357032
3C,653,46,517.2650945
3C,653,49,760.74337
3C,653,53,889.378126
3C,653,56,1093.309686
3C,655,7,32.01705
3C,655,11,46.9671615
3C,655,12,49.71375
3C,655,14,55.553834
3C,655,15,62.342946
3C,655,18,64.984306
3C,655,21,63.382048
3C,655,25,60.3601065
3C,655,28,70.333744
3C,655,32,70.4202255
3C,655,35,120.6955035
3C,655,39,204.101807
3C,655,42,239.2142475
3C,655,46,444.600072
3C,655,49,692.553888
3C,655,53,884.774178
3C,655,56,1272.820992
3C,660,7,22.706144
3C,660,11,38.8044475
3C,660,12,42.145389
3C,660,14,50.7485495
3C,660,15,59.1590875
3C,660,18,56.9204
3C,660,21,62.40425
3C,660,25,61.35936
3C,660,28,63.277612
3C,660,32,64.921958
3C,660,35,79.3554985
3C,660,39,85.567258
3C,660,42,129.60243
3C,660,46,146.7910835
3C,660,49,177.545625
3C,660,53,223.602768
3C,660,56,431.488512
3C,660,60,615.684056
3C,660,63,1014.3
3C,662,7,16.515
3C,662,11,28.991448
3C,662,12,37.22494
3C,662,14,44.133009
3C,662,15,54.30074
3C,662,18,54.06336
3C,662,21,67.0464
3C,662,25,69.805108
3C,662,28,91.316472
3C,662,32,84.5
3C,662,35,107.6263565
3C,662,39,146.165076
3C,662,42,224.05005
3C,662,46,399.014369
3C,668,7,19.785208
3C,668,11,26.1479
3C,668,12,28.310975
3C,668,14,31.999401
3C,668,15,32.481802
3C,668,18,39.501225
3C,668,21,46.13255
3C,668,25,46.562688
3C,668,28,62.7521135
3C,668,32,70.8295
3C,668,35,76.105208
3C,668,39,88.397568
3C,668,42,107.218656
3C,668,46,150.170758
3C,668,49,225.0663525
3C,668,53,295.5777015
3C,668,56,495.429688
3C,668,60,709.218
3C,668,63,1135.375144
4C,683,7,29.7345765
4C,683,11,42.20568
4C,683,12,44.357838
4C,683,14,56.321306
4C,683,15,57.9829625
4C,683,18,63.117018
4C,683,21,85.50621
4C,683,25,98.1938085
4C,683,28,186.8027135
4C,683,32,279.766872
4C,683,35,382.07456
4C,683,39,587.422368
4C,683,42,909.374684
4C,683,46,1160.257125
4C,686,7,20.21218
4C,686,11,35.9734
4C,686,12,37.258808
4C,686,14,45.139923
4C,686,15,46.6919205
4C,686,18,48.0838895
4C,686,21,50.492902
4C,686,25,71.3387865
4C,686,28,134.0102475
4C,686,32,250.7870105
4C,686,35,366.7203365
4C,686,39,538.464528
4C,686,42,794.4477605
4C,686,46,1063.217925
4C,687,7,29.274615
4C,687,11,42.067584
4C,687,12,44.075304
4C,687,14,61.257984
4C,687,15,69.49514
4C,687,18,68.674823
4C,687,21,82.38581
4C,687,25,85.5846
4C,687,28,96.480778
4C,687,32,120.84633
4C,687,35,175.9629165
4C,687,39,220.7703625
4C,687,42,316.6745265
4C,687,46,489.27186
4C,689,7,29.138454
4C,689,11,39.837072
4C,689,12,41.388683
4C,689,14,49.519239
4C,689,15,53.924375
4C,689,18,54.6048
4C,689,21,54.304161
4C,689,25,55.0041
4C,689,28,92.9822085
4C,689,32,113.811264
4C,689,35,118.9174
4C,689,39,143.6058
4C,689,42,189.960044
4C,689,46,219.842436
4C,689,49,359.287895
4C,689,53,516.48
4C,689,56,780.524424
4C,689,60,1044.878965
4C,697,7,29.3951025
4C,697,11,42.849
4C,697,12,56.1086
4C,697,14,65.708808
4C,697,15,66.79315
4C,697,18,77.749254
4C,697,21,101.217519
4C,697,25,111.174552
4C,697,28,177.34725
4C,697,32,207.2981
4C,697,35,235.226736
4C,697,39,279.1216355
4C,697,42,378.579978
4C,697,46,472.61472
4C,697,49,632.454138
4C,697,53,948.714375
4C,697,56,1282.09356
5C,701,7,25.4539975
5C,701,11,34.577928
5C,701,12,36.43292
5C,701,14,61.56586
5C,701,15,65.370528
5C,701,18,66.442176
5C,701,21,84.257896
5C,701,25,97.356226
5C,701,28,160.380024
5C,701,32,259.865856
5C,701,35,333.900112
5C,701,39,674.80335
5C,701,42,1026.368424
5C,703,7,19.7098
5C,703,11,25.798272
5C,703,12,26.687556
5C,703,14,31.7510875
5C,703,15,33.113808
5C,703,18,49.303908
5C,703,21,56.2848055
5C,703,25,69.10552
5C,703,28,86.8734
5C,703,32,183.455118
5C,703,35,293.531725
5C,703,39,470.2025
5C,703,42,654.589226
5C,703,46,872.939838
5C,704,7,38.406175
5C,704,11,54.136512
5C,704,12,56.80992
5C,704,14,87.2555895
5C,704,15,95.012768
5C,704,18,123.3232
5C,704,21,123.9093
5C,704,25,189.72585
5C,704,28,297.425618
5C,704,32,454.5041215
5C,704,35,671.305194
5C,704,39,1260.598463
5C,715,7,24.9422745
5C,715,11,32.375104
5C,715,12,36.72
5C,715,14,54.855624
5C,715,15,63.0144
5C,715,18,71.463287
5C,715,21,89.8128
5C,715,25,124.975546
5C,715,28,151.686
5C,715,32,190.120784
5C,715,35,277.009506
5C,715,39,508.737845
5C,715,42,682.7769
5C,715,46,1011.26172
5C,721,7,19.0221375
5C,721,11,30.3492285
5C,721,12,34.123694
5C,721,14,57.7506515
5C,721,15,57.869236
5C,721,18,72.155376
5C,721,21,85.1472
5C,721,25,107.2349795
5C,721,28,179.820056
5C,721,32,270.9996695
5C,721,35,376.139244
5C,721,39,804.311946
5C,721,42,1194.54102